ECGString	PPGvalue
00829e993e925c5208001702002302002802002502000d0200dd01009f0100500100f90000bb00008d00006400004c00004000003c00003c00003e00004300004800004a00004f00005800005d00006200006700006900007000007300007300007500007a00007800007800007a00007800007500007300007300007500007500007300007300007300006e00006400006200006700006700006400006700006700006700006700006700006200006700007500008b00009e0000a500009400007f00007c00008100007500005d00005600005b00005b0000540000510000540000510000	51
00f34e0b60925c5208005400005800005800005800005100004000003000005600002c0100fb02001705007e05000e0300b8ffff98feff9effff1c0000c4ffffd5ffff0c0000fefffffcffff1800001f00002600003c00004c00005400005d00007300008d0000a80000c70000e600000a01002e01004601005901007101007801007101006001004101000a0100c200007a00003e0000100000edffffd5ffffc7ffffbdffffc0ffffc7ffffccffffd0ffffd5ffffd8ffffdcffffe6ffffe4ffffe4ffffedfffff0ffffedfffff7ffff000000040000000000fcffff000000090000090000	58
	66
	73
	80
	86
	91
	95
	95
	95
	95
	94
	92
	90
	87
	84
	81
	78
	75
	72
	70
	67
	65
	64
	63
	62
0096767d81925c5208000c00000900000400000200000700000900000900000900000900000c0000100000130000130000020000f4ffff0000001800003000003e00003200001c0000130000180000180000070000f7fffff7fffff4fffff0ffffedfffff2fffff4fffff4fffff7fffffcffff020000090000000000e8ffff070000e40000a50200ad04004c0500210300a0ffff38feff4affffe4ffff8bffff94ffffc9ffffbdffffc9ffffe4ffffe6fffff0ffff0400001300001f00003400004c00006400007c00009c0000c20000e600000a01003001004b01005701006001005e0100	62
	61
	61
	62
	62
	62
	63
	63
	63
	64
	64
	63
	63
	62
	61
	60
	58
	57
	55
	53
	51
	49
	47
	45
	43
	42
	40
	38
	37
	35
	34
	33
	32
	32
	31
	31
	30
	30
	30
	30
	29
	29
	29
	28
	28
	27
	26
	26
	25
000327efa2925c5208004801001d0100e100009c0000510000100000e4ffffc2ffffacffff9cffff8bffff7fffff86ffff8dffff90ffff97ffffa3ffffaaffffafffffb6ffffb8ffffb6ffffb8ffffc2ffffc7ffffccffffd0ffffd5ffffd8ffffdaffffdcffffdcffffe1ffffe4ffffe4ffffe6ffffe8ffffe8ffffebfffff0ffffedffffebffffe6ffffe8fffff7ffff0e00002600003200002400000e00000e0000100000020000f0fffff0fffff9fffffcfffff9fffffcfffffefffffcfffffcffff000000040000070000070000f7fffffeffff9c00002c02005004005f0500bb0300	25
	25
	26
	28
	30
	34
	38
	43
	50
	56
	63
	70
	77
	83
	88
	92
	95
	95
	95
	94
	93
	90
	88
	84
	81
	78
	74
	71
	68
	66
	64
	62
	61
	60
	59
	59
	59
	59
	60
	60
	61
	61
00ec2661c4925c52080043000050feff13ffffebffffa3ffff8dffffc9ffffc2ffffafffffc7ffffdaffffdfffffe8fffff0fffff9ffff0e00002800003e00005600007500009c0000c40000eb00000f01002c01003c01004101003f01003001000c0100d300008b0000400000020000d3ffffafffff97ffff86ffff86ffff8bffff90ffff94ffff99ffff9cffffa5ffffafffffb4ffffb6ffffbbffffc2ffffc7ffffceffffd3ffffd3ffffd0ffffd3ffffd5ffffd5ffffdaffffdcffffd8ffffd8ffffdcffffe1ffffdfffffdaffffd8ffffd8ffffdcffffdfffffdfffffe4ffffebffff	61
	61
	61
	61
	60
	59
	58
	57
	56
	54
	52
	50
	48
	46
	44
	42
	41
	39
	37
	36
	35
	34
	33
	32
	31
	31
	30
	30
	29
	29
	28
	28
	28
	27
	27
	26
	26
	26
	26
	27
	29
	32
0013ffd2e5925c520800fcffff1800002800001f0000070000fefffffcffffedffffd8ffffd5ffffd8ffffccffffc4ffffd0ffffd5ffffd0ffffd3ffffd8ffffdaffffe1ffffdcffffc9ffffebffffbd00008802009d0400150500ac020040ffff20feff40ffffc2ffff60ffff70ffffa8ffff97ffff9cffffbdffffc4ffffc7ffffd8ffffe8fffff7ffff0c0000210000370000510000700000940000bd0000e600000801001d01002e0100300100290100110100e40000a500005b0000180000e4ffffb6ffff94ffff81ffff7affff78ffff78ffff7fffff84ffff88ffff90ffff90ffff	35
	40
	45
	51
	58
	65
	72
	78
	85
	90
	95
	95
	95
	95
	95
	94
	92
	90
	87
	84
	81
	78
	74
	72
	69
	67
	64
	63
	62
	61
	61
	61
	61
	62
	63
	64
	65
	66
	66
00ba264507935c5208008dffff92ffff99ffff9cffffa5ffffafffffb4ffffb6ffffa8ffff99ffffa3ffffacffffacffffb1ffffb4ffffafffffacffffb4ffffb8ffffb4ffffb4ffffbbffffc7ffffdcfffffcffff070000f9ffffe4ffffdcffffdcffffd3ffffc2ffffbdffffc2ffffc4ffffc9ffffceffffceffffceffffd5ffffdaffffdcffffe1ffffd8ffffc9ffff1a00004801004f03000605007d040063010083feff6bfeff97ffffa8ffff5dffff99ffffb8ffffa5ffffbbffffd0ffffd0ffffdcfffff0fffff0fffff2ffff0400001a00003000004f0000700000940000bb0000	67
	67
	67
	67
	67
	66
	65
	63
	62
	60
	58
	56
	54
	52
	51
	49
	47
	45
	44
	43
	41
	40
	39
	38
	37
	36
	35
	34
	33
	32
	32
	31
	31
	31
	32
	34
	37
005d4eb728935c520800dc0000fc00001101001801001601000c0100eb0000b40000730000300000f4ffffb8ffff88ffff73ffff6effff64ffff62ffff67ffff6cffff75ffff7cffff86ffff8bffff90ffff97ffff9effffa3ffffa8ffffacffffafffffb1ffffb6ffffb8ffffbbffffbbffffb8ffffbdffffc0ffffbbffffb4ffffb4ffffb6ffffb6ffffc2ffffd5fffff2ffff020000f9ffffe4ffffdaffffdcffffd0ffffb8ffffb6ffffbdffffbdffffbdffffb8ffffb1ffffb6ffffc0ffffc2ffffc9ffffccffffc7ffffbbffffc0ffff430000b00100c20300040500c703007f0000	41
	45
	51
	57
	63
	70
	76
	82
	87
	92
	95
	95
	95
	94
	93
	91
	89
	86
	83
	79
	76
	73
	70
	67
	65
	63
	61
	60
	59
	59
	59
	59
	59
	60
	60
	61
	61
	61
	61
	61
00cafe284a935c5208003dfeffbafeffb6ffff8dffff67ffffa8ffffb4ffffa5ffffb4ffffbbffffc0ffffd5ffffe4ffffebfffffcffff0c00002100003e00005d00007f00009e0000c00000e40000000100110100160100110100000100dc00009e00005400000e0000d5ffffa3ffff81ffff70ffff67ffff5dffff56ffff5dffff67ffff70ffff7affff7affff78ffff81ffff90ffff97ffff9effff9effff99ffff9cffffa5ffffa5ffffa3ffffa5ffffaaffffafffffb4ffffb6ffffb6ffffb4ffffb4ffffc2ffffdafffff2fffffefffff2ffffdfffffdcffffdcffffccffffbdffff	61
	60
	59
	58
	57
	55
	54
	52
	50
	48
	46
	44
	42
	40
	38
	37
	35
	34
	33
	32
	31
	30
	29
	28
	28
	27
	27
	27
	27
	27
	27
	28
	29
	32
	35
	38
	43
	49
00d4ea9a6b935c520800bdffffc0ffffc4ffffccffffd0ffffd5ffffd3ffffd0ffffd8ffffe1ffffe8ffffe1ffffc4ffffc2ffff5d0000e90100fe03002d0500c5030054000025feffd2feffc9ffff92ffff7cffffc4ffffc4ffffb8ffffd8ffffe6ffffe8fffff9ffff0900001c00002d00003e0000560000700000900000b10000d50000f90000180100270100290100290100290100160100e80000a800006200001f0000e6ffffb6ffff92ffff7cffff73ffff75ffff73ffff6cffff70ffff75ffff75ffff7affff86ffff88ffff8bffff90ffff99ffffa0ffffa0ffffa3ffffaaffff	55
	62
	69
	76
	83
	89
	95
	95
	95
	95
	95
	94
	94
	92
	90
	87
	85
	82
	78
	75
	73
	70
	68
	65
	64
	62
	61
	60
	60
	60
	60
	60
	60
	61
	61
	61
	62
	61
00dad60c8d935c520800aaffffa8ffffacffffafffffaaffffacffffb4ffffbbffffc4ffffd0ffffd3ffffc9ffffb6ffffacffffb1ffffa5ffff92ffff94ffff9effffa3ffffa3ffffa5ffffaaffffb1ffffb6ffffbbffffc0ffffc2ffffbbffffa5ffffd3ffffd00000bd0200c50400090500610200e8feff04feff43ffffacffff54ffff7affffa8ffff92ffff99ffffb8ffffc0ffffccffffdfffffedfffff9ffff0e0000280000430000600000810000a50000cc0000f200001101002401003001002e0100200100000100cc0000840000390000fcffffd0ffffaaffff8bffff78ffff	61
	61
	60
	59
	58
	57
	55
	54
	52
	50
	49
	47
	46
	44
	43
	42
	41
	40
	40
	39
	39
	38
	38
	37
	37
	37
	37
	37
	38
	39
	41
	44
	47
	51
	57
	62
	68
0047877eae935c52080070ffff70ffff6cffff6cffff73ffff73ffff6cffff6effff7affff84ffff86ffff8bffff92ffff97ffff99ffff99ffff99ffff97ffff97ffff97ffff9cffff9cffff99ffff97ffff99ffffa5ffffbdffffd8ffffd8ffffc0ffffb1ffffafffffacffff9effff8dffff88ffff8bffff90ffff97ffff9cffff9effffa0ffffa8ffffafffffb4ffffbbffffb6ffff9effffb6ffff8400004702007404003e05001803007cfffff5fdff0cffffbdffff5dffff64ffffa8ffff9effff9effffbdffffc4ffffc7ffffdaffffe8fffff4ffff0900001f0000340000540000	74
	80
	86
	91
	95
	95
	95
	95
	95
	94
	93
	91
	89
	87
	84
	82
	79
	77
	75
	73
	71
	70
	69
	68
	67
	67
	67
	67
	67
	68
	68
	68
	68
	68
	67
	67
	67
	66
	66
00eeaef0cf935c5208007500009c0000c20000e600000001001801002901002e0100200100fe0000c000007f00003e0000feffffc4ffff9cffff7fffff70ffff69ffff6cffff6cffff67ffff69ffff73ffff7cffff81ffff81ffff81ffff84ffff8dffff94ffff99ffff99ffff9cffffa0ffffa3ffffa5ffffa8ffffaaffffa8ffffa8ffffacffffaaffffa5ffffa0ffffa3ffffacffffc4ffffdfffffe6ffffd3ffffbdffffbbffffbbffffacffff9cffff9cffff9cffff99ffff9effffa5ffffa8ffffa8ffffacffffb1ffffb6ffffbdffffc2ffffb6ffffa5fffff4ffff200100350300	65
	64
	63
	62
	61
	60
	59
	58
	56
	55
	54
	53
	51
	50
	49
	47
	46
	45
	44
	42
	41
	40
	40
	40
	40
	42
	44
	46
	50
	54
	58
	63
	68
	72
	77
	81
	84
	87
	88
	90
	90
005b5f62f1935c520800100500a9040080010074feff49feff81ffff94ffff39ffff73ffff97ffff86ffff99ffffafffffacffffb4ffffc9ffffd3ffffdffffff2ffff090000240000430000690000900000b40000d80000f700000a0100140100140100030100e10000aa00006400001f0000e1ffffafffff8bffff75ffff69ffff64ffff67ffff69ffff6effff75ffff7cffff84ffff88ffff8bffff8bffff8bffff90ffff94ffff97ffff99ffff9effffa0ffffa0ffffa0ffffa5ffffa8ffffa8ffffa8ffffa8ffffa8ffffa0ffff9effff9effff9effff9effff9effff9effffa0ffff	90
	90
	89
	88
	86
	85
	84
	83
	82
	81
	80
	80
	80
	79
	79
	80
	80
	80
	80
	81
	81
	82
	82
	82
	82
	81
	81
	80
	79
	78
	77
	75
	74
	72
	70
	68
	66
	64
00c80fd412945c520800a0ffffa0ffffa8ffffb8ffffd3ffffe6ffffdcffffbdffffa8ffffa0ffff94ffff84ffff7cffff81ffff84ffff86ffff86ffff8dffff94ffff99ffff9effffa3ffffa8ffffafffffb4ffffacffff9effffe6ffff0a0100150300ee040091040078010077feff4cfeff7fffff99ffff48ffff7fffffa0ffff8bffff9effffbdffffc0ffffc7ffffdaffffebfffffcffff1000002800003e00005b00007c0000a50000cc0000ed00000a01001d01002901002c0100200100000100ce00008b00004500000c0000d8ffffacffff8dffff7cffff78ffff6cffff5dffff	62
	60
	58
	57
	56
	54
	53
	53
	52
	52
	51
	51
	51
	52
	53
	54
	56
	59
	62
	66
	70
	75
	79
	84
	88
	92
	95
	95
	95
	95
	94
	93
	91
	89
	86
	84
	80
006b374634945c52080060ffff69ffff6effff75ffff7fffff84ffff81ffff78ffff7affff86ffff8dffff8dffff8dffff8bffff8bffff90ffff8dffff88ffff88ffff88ffff88ffff8bffff8dffff90ffff90ffff90ffff92ffff97ffff99ffff9effffa3ffffa3ffffa5ffffaaffffaaffffafffffb8ffffc4ffffe1fffff7fffff0ffffdcffffd3ffffd5ffffd3ffffc2ffffb8ffffbbffffc0ffffc4ffffc9ffffc9ffffccffffd3ffffd3ffffd8ffffdfffffe4ffffebffffdfffffd3ffff3000006f010075030006050049040024010072feff88feffaaffffa8ffff67ffffa3ffff	77
	73
	70
	67
	64
	62
	60
	58
	57
	56
	55
	55
	55
	55
	56
	56
	57
	57
	57
	57
	57
	56
	56
	55
	54
	52
	51
	49
	48
	46
	44
	42
	41
	39
	38
	36
	35
	34
	33
	32
00d8e7b755945c520800b8ffffaaffffc2ffffdaffffdcffffe6fffff7ffff0700001a00002b00003200004300006900008d0000aa0000ce0000f400000f0100200100240100240100200100050100cc00008800004a00000c0000d5ffffafffff92ffff7fffff7affff7affff7cffff7affff7fffff7fffff86ffff90ffff90ffff92ffff99ffff9effffa3ffffacffffb1ffffafffffacffffb1ffffb8ffffb8ffffb1ffffb4ffffb6ffffafffffafffffb1ffffaaffffafffffb8ffffb8ffffb6ffffb8ffffbbffffbdffffc0ffffc7ffffdafffff9ffff040000f9ffffe8ffffe1ffff	31
	30
	30
	30
	30
	31
	33
	35
	39
	43
	48
	53
	59
	64
	69
	74
	78
	82
	84
	86
	86
	86
	85
	83
	81
	78
	75
	72
	70
	67
	65
	62
	60
	59
	58
	57
	56
	56
	56
	56
	57
0045982977945c520800e4ffffdaffffc4ffffc2ffffc9ffffceffffc9ffffc2ffffbdffffc4ffffccffffccffffc9ffffd0ffffd5ffffceffffb6ffffe8ffffeb0000c60200ad0400fd040079020000ffff14feff5bffffc4ffff67ffff90ffffbdffffa8ffffb6ffffd5ffffdaffffe1fffff0fffff4ffff0200001a0000320000480000640000860000a50000c70000ed00000a01001d01002901002201000f0100f40000c400007a00002d0000edffffb1ffff84ffff69ffff51ffff43ffff45ffff4affff4cffff4fffff54ffff5dffff67ffff6cffff70ffff7affff7cffff7affff	57
	58
	58
	58
	58
	58
	58
	57
	56
	56
	54
	53
	51
	50
	48
	46
	44
	43
	41
	39
	38
	36
	35
	34
	33
	31
	30
	30
	29
	28
	28
	29
	30
	31
	34
	37
	41
00b2489b98945c52080081ffff88ffff8bffff8dffff90ffff97ffff9effff9cffff9effffa0ffff94ffff88ffff92ffff99ffff90ffff94ffffa3ffffacffffc2ffffdfffffdfffffccffffbdffffbdffffbbffffaaffffa0ffffa3ffffa5ffffa8ffffafffffb1ffffb4ffffbbffffbbffffbdffffc2ffffc4ffffb4ffff9efffff7ffff300100370300fd0400a104007601004efeff3bfeff84ffff8bffff43ffff84ffff94ffff7fffff99ffffb1ffffb4ffffc0ffffd0ffffdcfffff2ffff0900001a00003000004a00006e0000970000bd0000df0000f00000fc0000050100050100	46
	52
	58
	64
	69
	75
	80
	84
	87
	89
	90
	91
	90
	89
	87
	84
	81
	78
	75
	73
	70
	67
	65
	63
	61
	60
	59
	58
	58
	58
	57
	58
	58
	58
	58
	58
	58
	57
	57
	56
	55
	53
0023f90cba945c520800f20000cc00008d0000430000feffffc2ffff8dffff5dffff39ffff2dffff30ffff34ffff34ffff37ffff3cffff43ffff4fffff58ffff62ffff69ffff6effff73ffff7cffff84ffff88ffff8dffff90ffff8bffff88ffff90ffff92ffff90ffff94ffff97ffff92ffff8bffff8dffff94ffff94ffff90ffff97ffffa5ffffb8ffffd3ffffe4ffffd8ffffc4ffffc2ffffc7ffffbbffffa5ffffa3ffffaaffffafffffafffffb1ffffb6ffffb4ffffb6ffffbbffffbbffffbdffffc2ffffafffffb8ffff6c00001902004b04004a05006c0300c9fffffcfdffeffeff	52
	50
	49
	47
	45
	43
	41
	40
	38
	36
	34
	33
	31
	30
	29
	28
	27
	26
	25
	24
	23
	23
	23
	24
	25
	28
	31
	35
	40
	46
	52
	58
	65
	71
	77
	82
	86
	89
	91
	92
	92
	91
	90
0090a97edb945c520800b4ffff58ffff54ffff99ffff90ffff8bffffacffffb8ffffb8ffffccffffd8ffffd5ffffe4ffff0000001800003000004f00006c00008d0000b10000ce0000e40000f00000f20000f00000da0000ac0000640000150000ccffff94ffff6cffff4affff39ffff30ffff30ffff34ffff3effff43ffff48ffff51ffff58ffff5dffff67ffff73ffff78ffff7affff84ffff8bffff8dffff8dffff8dffff8dffff90ffff94ffff97ffff97ffff99ffff99ffff9effffa3ffffa5ffffa5ffffa3ffffa8ffffaaffffaaffffb6ffffc7ffffdffffff4fffff2ffffdfffff	88
	85
	82
	79
	76
	72
	70
	67
	64
	62
	61
	59
	58
	57
	57
	57
	57
	57
	57
	57
	58
	58
	58
	57
	57
	56
	55
	54
	52
	50
	48
	46
	44
	42
	40
	37
	35
009a95f0fc945c520800d0ffffd3ffffd0ffffbbffffb1ffffbbffffbdffffbbffffbbffffbdffffbbffffc0ffffc7ffffc4ffffbbffffb8ffffb8ffffaaffffceffffa800007c0200980400170500ac020026fffffafdff26ffffacffff4affff64ffffa0ffff88ffff84ffffa5ffffb4ffffb8ffffc9ffffd8ffffe8fffffeffff1000002600004000005800007c0000aa0000ce0000e80000fe0000080100000100f90000e40000b40000700000260000e1ffffacffff81ffff60ffff4cffff43ffff45ffff4cffff4fffff56ffff5bffff60ffff64ffff6effff78ffff7cffff84ffff	33
	31
	30
	28
	27
	25
	24
	23
	22
	21
	20
	19
	18
	17
	16
	15
	14
	14
	13
	13
	14
	16
	18
	21
	26
	31
	37
	44
	51
	58
	65
	72
	78
	82
	86
	88
	89
00a081621e955c52080084ffff84ffff8bffff90ffff94ffff90ffff8dffff92ffff97ffff97ffff92ffff86ffff78ffff75ffff7cffff81ffff86ffff84ffff84ffff8bffff92ffff94ffff97ffff97ffff99ffff9effffa0ffffa0ffffa8ffffb6ffffceffffe4ffffe1ffffccffffbbffffbbffffbdffffafffffa3ffffa3ffffa5ffffa5ffffa8ffffafffffb4ffffb6ffffbbffffbdffffc0ffffc4ffffccffffbdffffafffff0e00005701007d03002d050063040014010055feff80feff9effff90ffff4fffff8dffff9cffff86ffff9effffb4ffffb6ffffc2ffffd3ffffdfffff	89
	88
	86
	84
	81
	77
	74
	70
	67
	64
	61
	59
	57
	55
	54
	53
	53
	53
	53
	53
	53
	53
	53
	54
	54
	53
	53
	52
	51
	50
	49
	47
	45
	43
000d32d43f955c520800f0ffff0700001a00003000004c0000640000840000ac0000c40000ce0000df0000ed0000e80000dc0000c000008b0000480000020000c4ffff90ffff67ffff4cffff3effff34ffff30ffff34ffff3cffff40ffff4cffff54ffff5bffff62ffff69ffff70ffff78ffff7fffff81ffff86ffff88ffff88ffff8dffff90ffff92ffff94ffff97ffff99ffff99ffff9cffff9cffff9effffa0ffffa3ffffa3ffffa5ffffaaffffacffffaaffffacffffb1ffffb1ffffb4ffffb4ffffb8ffffbbffffc0ffffc0ffffc0ffffc2ffffc7ffffd3ffffe1fffff4fffffeffff	40
	38
	36
	33
	31
	28
	26
	24
	22
	20
	18
	17
	16
	14
	13
	12
	11
	11
	10
	9
	9
	8
	7
	6
	6
	5
	5
	5
	5
	5
	5
	7
	9
	13
	17
	23
	30
	37
	44
007ae24561955c520800f0ffffdaffffd8ffffdfffffd3ffffb6ffffa8ffffafffffb8ffffb8ffffbbffffc0ffffc2ffffc7ffffccffffccffffc9ffffc9ffffc2ffffb8ffff040000220100240300f30400950400980100a7feff64feff81ffffa3ffff58ffff8dffffacffff97ffffa8ffffc2ffffc4ffffceffffe1ffffe8fffff2ffff0200001800002d00004800006900008b0000a80000c90000ed00000501001101000c0100000100f00000c900008d0000430000feffffc2ffff99ffff7fffff69ffff51ffff48ffff4fffff58ffff60ffff69ffff6cffff6cffff75ffff81ffff	52
	60
	67
	72
	77
	81
	83
	84
	84
	83
	81
	77
	74
	70
	66
	62
	59
	55
	52
	50
	47
	46
	44
	44
	43
	43
	43
	44
	44
	45
	46
	46
	46
	46
	46
	46
	45
	44
	42
	40
	38
	36
	34
	32
00210ab882955c5208008bffff8dffff8bffff90ffff97ffff9cffff97ffff97ffff94ffff8bffff88ffff8dffff92ffff97ffff94ffff92ffff97ffffa0ffffa5ffffa3ffffa3ffffa5ffffa8ffffaaffffafffffb4ffffb6ffffb1ffffb4ffffb6ffffb8ffffc9ffffe1fffff4fffff2ffffe8ffffdcffffdaffffd3ffffbdffffb1ffffb4ffffb8ffffb6ffffb4ffffb4ffffb8ffffbdffffbdffffc0ffffc2ffffc2ffffc0ffffacffffc2ffff7f00002002002c040009050021030092ffffe4fdffdefeff94ffff43ffff4fffff88ffff78ffff78ffff94ffff99ffff9effffb4ffff	29
	27
	24
	22
	20
	18
	16
	15
	13
	12
	11
	10
	9
	8
	8
	7
	7
	6
	5
	5
	5
	5
	5
	5
	5
	6
	8
	11
	15
	20
	26
	32
	40
	47
	54
	61
	67
	72
	77
	80
	81
	82
	81
	79
	77
	73
	70
	65
	61
	57
	53
	49
008eba29a4955c520800c4ffffd0ffffe1fffff9ffff1000003000004f00006e0000900000bb0000df0000f40000f70000f40000f00000e10000b800007f0000390000f7ffffbbffff88ffff67ffff54ffff48ffff45ffff4affff4cffff4cffff4fffff56ffff62ffff69ffff70ffff7affff81ffff84ffff88ffff90ffff99ffff9cffff9cffff9effffa3ffffa3ffffa3ffffa3ffffa5ffff9effff97ffff99ffffa0ffffa0ffffa3ffffa8ffffacffffacffffaaffffaaffffafffffb8ffffc9ffffe4fffff0ffffe1ffffccffffc9ffffd3ffffc7ffffacffffa3ffffa8ffffacffff	46
	43
	41
	39
	39
	38
	38
	39
	40
	41
	43
	44
	45
	45
	46
	46
	46
	45
	44
	42
	40
	38
	35
	33
	30
	27
	25
	22
	20
	18
	16
	14
	12
	11
	9
	8
	7
	6
00fb6a9bc5955c520800acffffafffffb4ffffb6ffffb6ffffbbffffc0ffffc4ffffc0ffffaaffffb4ffff560000ee0100140400250500710300e4fffff5fdffcbfeff9effff43ffff28ffff6cffff6effff67ffff81ffff90ffff97ffffaaffffc0ffffccffffdafffff0ffff0900002400004800006c0000900000b40000d50000f20000000100fc0000f20000e10000bb00008400003e0000f7ffffbbffff8bffff67ffff4fffff43ffff43ffff45ffff4affff4fffff56ffff62ffff69ffff6cffff70ffff7cffff84ffff8bffff92ffff92ffff99ffffa3ffffa8ffffa8ffffa8ffff	5
	5
	5
	5
	5
	5
	7
	9
	12
	16
	21
	27
	34
	42
	50
	58
	66
	73
	79
	84
	88
	90
	91
	91
	89
	87
	83
	79
	75
	70
	66
	61
	58
	54
	51
	48
	46
	44
	43
	43
	43
	43
	44
	44
	45
	46
	47
	48
	48
	48
00e46a0de7955c520800a8ffffaaffffacffffafffffb4ffffb1ffffa5ffff9effffa5ffffaaffffaaffffa5ffffa3ffffa5ffffacffffb4ffffb6ffffb6ffffb1ffffb6ffffc7ffffe1fffff9fffff9ffffe1ffffceffffceffffd5ffffccffffb4ffffafffffb6ffffb8ffffbbffffbbffffb4ffffafffffb6ffffb8ffffb6ffffb8ffffb4ffff9cffff92ffff0200005c01007f03000905000f0400b4000023feff74feff86ffff69ffff37ffff7affff8bffff7cffff97ffffaaffffaaffffb8ffffd0ffffdcffffedffff020000150000300000510000750000990000bd0000e10000	48
	47
	46
	44
	42
	40
	38
	35
	32
	30
	27
	24
	21
	19
	16
	14
	12
	10
	9
	8
	6
	5
	5
	5
	5
	5
	5
	5
	6
	7
	10
	14
	19
	25
	32
	39
	48
	57
	65
	73
	81
	87
	92
	95
	95
	95
	94
	93
	90
	87
	84
000b437f08965c520800fe0000110100180100110100050100e40000b10000700000280000e1ffff9effff78ffff64ffff58ffff51ffff51ffff54ffff5bffff60ffff69ffff73ffff78ffff7cffff84ffff8dffff97ffff99ffff9cffff97ffff97ffff9effffa3ffffa3ffffa0ffff9effff9cffffa0ffffa5ffffa5ffffa8ffffaaffffacffffafffffb4ffffb6ffffb6ffffb6ffffb8ffffbdffffc0ffffc0ffffc2ffffc7ffffc7ffffc9ffffc9ffffc7ffffccffffd8ffffe8ffff000000070000f0ffffd8ffffdaffffdcffffc7ffffb1ffffb1ffffb8ffffb8ffffb6ffffb8ffff	80
	76
	72
	69
	65
	62
	59
	57
	55
	54
	53
	53
	53
	53
	53
	54
	54
	54
	55
	55
	55
	55
	54
	53
	52
	51
	49
	48
	45
	43
	41
	38
	36
	33
	31
	29
	26
	24
	22
	21
	19
	18
	17
	16
	15
	14
	13
0078f3f029965c520800b8ffffb6ffffb6ffffb4ffffb6ffffbbffffb4ffffa0ffff8bffffb8ffffa000007e0200950400e004004c0200f4feff0dfeff32ffff97ffff39ffff58ffff86ffff6effff7cffff9effff9effffa3ffffbbffffceffffdaffffedffff0400001f00003900005800007f0000a30000c40000e800000501001101001101000c0100fc0000d50000990000540000100000d8ffffacffff8dffff75ffff69ffff62ffff64ffff69ffff6cffff6cffff70ffff7affff81ffff86ffff92ffff99ffff97ffff99ffff9effffa3ffffa8ffffaaffffaaffffa8ffffaaffff	12
	11
	11
	10
	11
	11
	12
	14
	18
	22
	28
	35
	43
	51
	60
	69
	77
	85
	91
	95
	95
	95
	95
	94
	93
	90
	87
	84
	81
	77
	73
	70
	67
	64
	62
	60
	58
	57
	56
	55
	55
	55
	55
	55
	56
	56
	57
	56
	57
	56
	56
	55
	54
	52
	51
	49
	47
001f1b634b965c520800aaffffacffffafffffaaffff9cffff97ffff9effffa5ffffa5ffffa3ffffa5ffffaaffffafffffacffffa3ffffa3ffffa8ffffaaffffb1ffffb6ffffb1ffffacffffb1ffffc4ffffdaffffedfffff0ffffe1ffffceffffccffffd0ffffc4ffffb4ffffaaffffafffffb8ffffc0ffffc2ffffc0ffffc0ffffc0ffffc2ffffc4ffffc4ffffc4ffffb4ffffa5fffffcffff330100410300f304006504004101005ffeff58feff81ffff8dffff4affff81ffff99ffff8bffffa3ffffbbffffb8ffffc4ffffdcffffedfffffcffff0e00002100003c00005d00007c0000	45
	43
	40
	38
	36
	34
	31
	29
	27
	26
	24
	22
	21
	20
	19
	18
	17
	16
	15
	14
	14
	13
	12
	12
	11
	10
	9
	9
	9
	10
	11
	13
	16
	21
	26
	33
	41
	49
	57
	66
	74
	81
	88
	93
004af3d46c965c520800a00000c40000eb00000a0100200100290100290100160100f20000c400008600003c0000f4ffffb6ffff81ffff64ffff5bffff54ffff51ffff51ffff56ffff5dffff64ffff70ffff78ffff7cffff81ffff8bffff92ffff97ffff9effffa0ffffa0ffffa5ffffacffffafffffacffffacffffafffffafffffa8ffffaaffffafffffafffffafffffb1ffffb4ffffb6ffffb8ffffb8ffffbbffffc0ffffc2ffffc2ffffc2ffffccffffdffffff9ffff020000f0ffffdaffffd8ffffd8ffffc9ffffb6ffffb4ffffb6ffffb8ffffb8ffffbdffffc0ffffbdffffb6ffff	95
	95
	95
	94
	93
	91
	88
	85
	82
	78
	75
	71
	68
	65
	63
	61
	59
	58
	58
	57
	57
	57
	57
	58
	58
	58
	59
	58
	58
	58
	57
	56
	54
	53
	51
	49
	47
	45
	42
	40
002ff3468e965c520800b4ffffb4ffffb6ffffb1ffff9cffff9cffff2d0000b00100d30300150500a50300180000e4fdff9dfeff8dffff4cffff34ffff7affff7cffff73ffff94ffffa5ffffa8ffffbbffffceffffdcffffedffff020000180000320000510000700000940000bb0000df0000fc00000f01001401000f0100000100df0000a500006000001a0000dcffffacffff88ffff73ffff69ffff64ffff64ffff69ffff6effff75ffff7cffff81ffff88ffff90ffff97ffff9effffa5ffffa8ffffa8ffffa8ffffaaffffa5ffffa3ffffa5ffffa8ffffa8ffffaaffffafffffb1ffff	38
	36
	34
	32
	30
	28
	26
	25
	23
	22
	21
	20
	19
	18
	17
	16
	16
	15
	15
	14
	14
	13
	12
	12
	11
	10
	9
	9
	8
	8
	9
	10
	12
	15
	19
	24
	30
	38
	46
	54
	62
	70
	77
	83
	89
	92
009ca3b8af965c520800afffffafffffb1ffffb4ffffb6ffffb8ffffb6ffffafffffa5ffffaaffffb1ffffb1ffffb1ffffb1ffffb4ffffbbffffceffffe8fffff7ffffe8ffffd3ffffc7ffffc7ffffc2ffffacffffa0ffffa8ffffacffffacffffafffffacffffaaffffaaffffafffffafffffb4ffffb6ffffa3ffff9cffff0e00006001007f03000605000d0400c000003bfeff8afeff94ffff75ffff3effff81ffff94ffff84ffff99ffffa5ffffa8ffffb6ffffc7ffffccffffdffffff4ffff0700002100004300006400008b0000af0000d30000f000000501000f01000f0100000100	95
	95
	95
	93
	91
	88
	85
	80
	77
	73
	69
	65
	62
	60
	58
	56
	55
	54
	54
	53
	54
	54
	55
	56
	56
	57
	57
	57
	57
	56
	56
	54
	53
	51
	49
	47
	45
	42
	40
003fcb2ad1965c520800e10000af00006e00002d0000f0ffffb6ffff90ffff7cffff6effff64ffff5dffff54ffff54ffff5dffff62ffff69ffff70ffff75ffff7fffff88ffff90ffff92ffff94ffff94ffff99ffff9effff9effffa0ffffa0ffffa0ffffa8ffffaaffffa8ffffaaffffafffffb1ffffb1ffffb1ffffb4ffffb6ffffb6ffffb6ffffbbffffbdffffbdffffc2ffffd3ffffedfffff9ffffe8ffffc9ffffbbffffc2ffffb8ffffa5ffffa3ffffaaffffaaffffa8ffffafffffb6ffffbbffffbdffffc0ffffbbffffbbffffbbffffa5ffffa3ffff260000890100970300f10400	38
	36
	33
	31
	29
	28
	26
	25
	23
	22
	21
	20
	19
	19
	18
	17
	17
	16
	16
	15
	14
	14
	13
	13
	12
	12
	13
	14
	16
	19
	23
	29
	35
	42
	49
	57
00ac7b9cf2965c520800d3030086000025feff91feff92ffff6cffff45ffff84ffff84ffff6effff8dffffa0ffffa5ffffb8ffffccffffd8ffffe8ffff0200001c00003400004c0000700000990000c00000e400000001001101001801001601000a0100e80000ac00006200001c0000e6ffffb1ffff81ffff64ffff5bffff5bffff5bffff5bffff56ffff54ffff60ffff69ffff6effff73ffff7cffff86ffff90ffff94ffff97ffff9cffffa5ffffa8ffffaaffffacffffacffffaaffffa8ffffaaffffb1ffffb4ffffb1ffffb1ffffafffffafffffbbffffceffffe4ffffedffffe4ffff	65
	72
	79
	85
	89
	92
	94
	95
	94
	92
	89
	86
	82
	77
	73
	68
	64
	60
	57
	54
	51
	49
	48
	47
	47
	48
	48
	49
	50
	51
	52
	53
	54
	54
	54
	54
	53
	52
	51
	49
	47
	44
	42
	39
	36
	33
	31
001d2c0e14975c520800d3ffffceffffceffffbbffffa5ffff9effff9cffffa3ffffa8ffffa5ffffa8ffffacffffb4ffffb8ffffb8ffffb8ffffb8ffffa5ffffa0ffff2800009a0100aa0300090500f203008d000012feff8afeff97ffff69ffff43ffff88ffff8dffff7cffff97ffffa5ffff9effffacffffc4ffffceffffdcfffff2ffff0c00002600004800006c0000920000b60000dc0000f900000a01000f01000a0100f40000cc00009000004a0000040000c4ffff8dffff69ffff56ffff51ffff4fffff4cffff4fffff56ffff5dffff67ffff70ffff73ffff78ffff84ffff8dffff	28
	26
	23
	21
	19
	17
	16
	14
	13
	12
	11
	10
	9
	9
	8
	7
	7
	7
	7
	7
	9
	11
	14
	19
	24
	31
	39
	47
	56
	65
	74
	81
	88
	94
	95
	95
	95
	94
00c0538035975c52080097ffff9cffff99ffff9cffffa5ffffa8ffffa8ffffa8ffff9cffff90ffff99ffffa0ffffa0ffffa3ffffa0ffff9cffffa0ffffa8ffffb1ffffc4ffffdfffffe6ffffd5ffffc2ffffc2ffffc0ffffaaffff99ffff99ffff9effffa0ffffa3ffffa3ffffaaffffb1ffffb6ffffbbffffbdffffc0ffffbdffffaaffffc2ffff8400004002006304002105000c03008dffff08feff0cffffb4ffff56ffff5dffffa0ffff92ffff8dffffacffffb6ffffbbffffd0ffffdfffffe8fffff9ffff100000280000480000640000840000a50000c90000eb00000301000f0100	93
	91
	88
	84
	80
	76
	72
	68
	65
	61
	59
	56
	54
	53
	52
	52
	52
	52
	52
	53
	54
	54
	55
	55
	56
	55
	55
	54
	53
	52
	50
	48
	47
	44
	42
	39
	37
	35
	32
	30
	28
002d04f256975c5208000c0100030100eb0000b800007500002d0000e6ffffacffff81ffff60ffff4affff39ffff2dffff32ffff3cffff40ffff48ffff4fffff56ffff58ffff56ffff60ffff6cffff70ffff73ffff7affff7fffff84ffff88ffff8bffff8dffff90ffff92ffff97ffff9cffff99ffff9cffff9cffff9effffa5ffffa8ffffa0ffff9effffacffffc0ffffdcffffedffffe6ffffd0ffffc7ffffccffffc4ffffafffffa8ffffafffffb1ffffb1ffffb4ffffb4ffffb6ffffbbffffc0ffffc2ffffc9ffffccffffc9ffffb8ffffbbffff3c0000ad0100d103002a0500e10300	26
	24
	22
	21
	19
	18
	17
	16
	15
	14
	13
	13
	12
	12
	11
	10
	10
	9
	9
	9
	10
	12
	15
	18
	23
	29
	37
	44
	53
	61
	70
	77
	84
	90
	95
	95
	95
	95
009ab46378975c52080073000020feffa9feffaaffff78ffff4fffff92ffff9cffff88ffff97ffffa3ffffa8ffffafffffb8ffffc7ffffd8ffffedffff0700002100004000006400008b0000b40000da0000f40000fe0000000100f70000e40000bb00007c0000340000edffffafffff81ffff60ffff48ffff3effff3cffff3cffff43ffff4affff4fffff54ffff5bffff64ffff6cffff70ffff75ffff7cffff7fffff86ffff8dffff90ffff90ffff92ffff94ffff97ffff9cffff9cffff9cffff9cffff9effffa0ffffa3ffff9effff9effffa0ffffa3ffffa5ffffaaffffacffffacffff	94
	92
	89
	86
	82
	78
	74
	71
	67
	64
	61
	59
	57
	55
	54
	53
	53
	53
	53
	54
	54
	55
	55
	56
	56
	56
	56
	55
	54
	53
	52
	50
	48
	46
	44
	41
	39
	37
	35
	32
	30
003ddcd599975c520800afffffb1ffffb6ffffb6ffffb6ffffacffffafffffceffffe6ffffdaffffc4ffffbdffffc2ffffbdffffafffffa8ffffacffffacffffaaffffb1ffffb6ffffbbffffc0ffffc0ffffbdffffc4ffffccffffceffffd0ffffc2ffffb4ffff0c00003c01004803000605008004006801008ffeff79feff9effffacffff60ffff97ffffb1ffff9effffb4ffffc7ffffc7ffffd5ffffe8fffff0fffffeffff1300002800003e00005800007500009c0000c20000dc0000f700000c0100110100110100080100e40000af0000730000300000edffffacffff7affff60ffff	28
	26
	25
	23
	22
	21
	19
	18
	18
	17
	16
	15
	14
	14
	13
	12
	11
	11
	10
	9
	8
	7
	7
	6
	6
	7
	8
	10
	13
	18
	23
	30
	38
	46
	54
	63
	71
	79
	85
	90
00aa8c47bb975c52080056ffff4cffff48ffff4affff51ffff56ffff5dffff67ffff69ffff60ffff60ffff6cffff73ffff78ffff7cffff7fffff81ffff86ffff8bffff8dffff90ffff92ffff97ffff99ffff99ffff9cffffa0ffffa3ffffa0ffffa5ffffaaffffafffffacffffacffffb4ffffb8ffffbbffffbdffffc0ffffc2ffffc2ffffc2ffffc4ffffc9ffffd3ffffe6fffff9fffffefffff2ffffe1ffffdaffffdcffffd3ffffc4ffffc2ffffc7ffffc4ffffc7ffffc9ffffc9ffffceffffd5ffffd5ffffceffffceffffd5ffffdaffffd3ffffc0ffffc9ffff6e0000040200250400	94
	95
	95
	94
	93
	90
	87
	84
	80
	76
	72
	68
	65
	62
	59
	57
	56
	55
	54
	54
	54
	54
	55
	56
	57
	57
	58
	58
	58
	58
	57
	56
	55
	54
	52
	50
	48
	45
	43
001b3db9dc975c5208002d0500780300fcffff17feffe8feffb6ffff69ffff60ffffa3ffff9cffff97ffffb4ffffafffffaaffffc4ffffd0ffffd5ffffebfffffcffff0c00002d00004a00006700008d0000b60000d80000f200000501000c0100050100f00000d000009c00004f0000070000ceffff9cffff73ffff58ffff4cffff4affff48ffff4affff54ffff5dffff62ffff69ffff6effff75ffff7fffff88ffff8dffff90ffff92ffff94ffff90ffff8dffff90ffff94ffff99ffff99ffff9cffff9effffa0ffffa0ffff9effffa3ffffa8ffffaaffffa8ffffa5ffffa8ffffaaffff	40
	38
	35
	33
	30
	28
	26
	25
	23
	22
	20
	19
	18
	18
	17
	17
	16
	15
	15
	14
	14
	13
	12
	11
	10
	10
	9
	8
	8
	8
	9
	11
	14
	18
	23
	30
	37
	45
00be642bfe975c520800b1ffffb4ffffb4ffffb8ffffb8ffffb8ffffbdffffc0ffffc0ffffb4ffffacffffb6ffffbdffffbbffffb8ffffb8ffffbbffffc9ffffdcfffff9ffff040000f2ffffdcffffd8ffffdaffffccffffb8ffffb1ffffb1ffffb1ffffb1ffffb6ffffb6ffffb6ffffbbffffc2ffffc7ffffc7ffffc2ffffc2ffffb6ffffa0ffffedffff2001002b0300e004005504004401006bfeff49feff67ffff7affff34ffff6effff8dffff7cffff8dffffa5ffffaaffffb8ffffccffffd3ffffdcfffff2ffff090000240000430000600000810000ac0000d30000f00000080100	53
	62
	71
	79
	86
	92
	95
	95
	95
	95
	94
	92
	89
	86
	82
	78
	74
	70
	67
	63
	60
	58
	56
	54
	53
	53
	53
	53
	54
	54
	55
	56
	57
	57
	58
	58
002b159d1f985c5208001401000f0100080100f20000c400008600003c0000f4ffffc0ffff97ffff78ffff62ffff4cffff40ffff45ffff4fffff54ffff58ffff60ffff5dffff62ffff6cffff73ffff78ffff7cffff7fffff86ffff8bffff90ffff92ffff94ffff94ffff94ffff97ffff9cffff9cffff99ffff99ffff9effffa3ffffa3ffff9cffff94ffff97ffff9effffa0ffff9effff9effffa0ffffa0ffffa3ffffa3ffffa0ffffa0ffffa0ffffa3ffffaaffffacffffacffffafffffafffffafffffafffffafffffacffffaaffffaaffffafffffbdffffd8fffff0fffff2ffffe1ffff	58
	57
	56
	54
	53
	51
	49
	46
	44
	41
	39
	37
	35
	32
	31
	29
	28
	26
	25
	24
	24
	23
	23
	22
	22
	21
	21
	20
	20
	19
	19
	18
	18
	18
	18
	20
0098c50e41985c520800ceffffc9ffffd0ffffc7ffffb1ffffafffffb6ffffb8ffffbbffffc0ffffc2ffffc0ffffc2ffffc9ffffd0ffffc7ffffbdffffbdffffb1ffffc0ffff6700000402001d0400fd04002b0300d8ffff2cfeff02ffffc0ffff78ffff6effffafffffacffffa8ffffc0ffffc7ffffccffffdfffffedfffff9ffff0c00002100003400004a00006900008b0000ac0000d50000f700001401002701002e01002901001d0100030100d000008b0000400000040000d3ffffa8ffff88ffff7affff73ffff70ffff75ffff78ffff7cffff81ffff86ffff8bffff92ffff97ffff	22
	25
	29
	35
	41
	48
	56
	64
	71
	79
	86
	91
	95
	95
	95
	95
	94
	93
	90
	87
	84
	80
	77
	73
	70
	66
	63
	61
	59
	57
	56
	55
	55
	55
	55
	56
0060d98062985c52080099ffff9cffff9effff9effffa0ffffa0ffff9effff92ffff8dffff97ffff9cffff97ffff97ffff9cffff99ffff97ffff99ffff97ffff92ffff97ffff99ffff9cffffa0ffffa3ffffa0ffffa0ffffa0ffff9effffa0ffffa0ffffa0ffffa5ffffaaffffaaffffaaffffacffffacffffacffffb1ffffbbffffc4ffffd8fffff2fffff9ffffe8ffffd8ffffd5ffffd8ffffc9ffffbbffffbdffffc4ffffc4ffffc2ffffc4ffffccffffccffffd0ffffd5ffffd5ffffd3ffffd8ffffc9ffffbbffff260000740100750300fa04003304000501005cfeff8afeffa0ffff	56
	57
	58
	58
	59
	59
	59
	59
	58
	57
	56
	55
	53
	51
	49
	47
	44
	42
	40
	38
	36
	34
	32
	31
	29
	28
	27
	26
	25
	24
	24
	23
	22
	22
	21
	20
	20
	19
	18
00a89df283985c52080094ffff62ffffa3ffffafffff92ffffa0ffffb8ffffc0ffffceffffdcffffe6fffff7ffff0e00002400003c0000560000750000970000b80000d50000f200000a01001401001401000a0100ed0000bd00007a0000300000ebffffb6ffff8bffff67ffff54ffff4affff45ffff43ffff4affff4fffff4cffff51ffff5dffff64ffff69ffff73ffff78ffff7affff7fffff81ffff88ffff88ffff81ffff7cffff7fffff7affff7affff7affff75ffff73ffff75ffff7affff7affff7cffff7cffff7cffff81ffff84ffff86ffff88ffff8bffff8dffff90ffff92ffff	18
	18
	19
	19
	21
	24
	28
	33
	39
	45
	52
	60
	68
	75
	82
	88
	93
	95
	95
	95
	95
	93
	92
	89
	86
	83
	79
	76
	73
	70
	67
	64
	63
	61
	60
	59
	59
	58
	59
	59
	59
	60
	60
	61
	61
00194e64a5985c52080094ffff94ffff94ffff97ffff9cffff9cffff9cffff94ffff8dffff8dffff92ffff92ffff97ffffafffffc9ffffc7ffffb4ffffa3ffffa3ffffa5ffff99ffff86ffff88ffff92ffff92ffff92ffff97ffff9cffff9effffa3ffffa5ffffaaffffafffffaaffff99ffffb4ffff700000200200380400e50400d0020075ffff0dfeff02ffffa0ffff4fffff54ffff90ffff84ffff86ffffa3ffffaaffffb1ffffc4ffffd3ffffdffffff4ffff0700001a0000340000540000730000990000c00000e40000fe00000f0100160100160100050100e10000ac0000670000	61
	61
	61
	60
	60
	59
	57
	56
	54
	53
	51
	49
	47
	45
	43
	41
	39
	38
	36
	35
	33
	32
	31
	30
	29
	28
	27
	27
	26
00bc75d6c6985c5208001c0000daffffa3ffff73ffff51ffff3effff39ffff34ffff32ffff37ffff3effff45ffff4fffff54ffff58ffff60ffff60ffff62ffff69ffff69ffff67ffff67ffff60ffff58ffff60ffff62ffff60ffff60ffff62ffff67ffff6cffff6effff6effff70ffff70ffff75ffff7cffff7cffff7affff7cffff7fffff81ffff86ffff8bffff8bffff8dffff90ffff94ffff99ffff9cffff9cffff9effffa0ffffa5ffffa8ffffa5ffffaaffffb8ffffceffffe8fffff0ffffdcffffc7ffffc7ffffccffffbdffffacffffafffffb4ffffb4ffffafffffaaffffacffff	26
	25
	24
	24
	24
	24
	25
	26
	29
	32
	36
	41
	47
	53
	60
	67
	74
	81
	87
	92
	95
	95
	95
	95
	94
	92
	90
	88
	85
	81
	78
	75
	71
	68
	66
	64
	62
00292648e8985c520800b4ffffb4ffffb6ffffbdffffc4ffffc4ffffb1ffffb1ffff430000ca0100e40300f3040065030010000023feffd4feffafffff73ffff5bffff99ffff9cffff97ffffb6ffffc7ffffc9ffffd8ffffe8fffff7ffff0900001f00002d00003c00005b0000810000a50000c90000f000000c01001b01002701002c0100220100050100d000008d00004c00000c0000ccffff99ffff7cffff6cffff67ffff64ffff64ffff69ffff6cffff70ffff7fffff8bffff8bffff8bffff8bffff88ffff86ffff88ffff8dffff8dffff8dffff92ffff92ffff90ffff94ffff94ffff	61
	60
	59
	59
	59
	60
	61
	61
	62
	63
	64
	64
	65
	65
	64
	64
	63
	62
	60
	59
	57
	55
	53
	51
	49
	47
	45
	43
	42
	40
	39
	38
	36
	35
0096d6b909995c52080092ffff97ffffa0ffffa3ffffa3ffffa3ffffa5ffffaaffffacffffaaffffa5ffffa3ffffa0ffffa8ffffaaffffacffffb4ffffb6ffffb6ffffb8ffffbdffffb8ffffb4ffffbdffffd3fffff2ffff020000f7ffffdfffffd8ffffdcffffd5ffffc4ffffbdffffc0ffffc7ffffc9ffffc9ffffccffffd0ffffd5ffffd8ffffdfffffe1ffffdfffffd0ffffc2ffff1c0000520100480300f5040085040076010083feff66feff8bffff97ffff54ffff8dffffa5ffff94ffffafffffc4ffffc2ffffceffffe4fffff2ffff0200001800002b00004000005b00007c0000	34
	34
	33
	32
	31
	31
	31
	31
	32
	33
	35
	38
	42
	47
	52
	59
	65
	71
	78
	83
	88
	93
	95
	95
	95
	94
	93
	92
	89
	86
	83
	79
	76
0003872b2b995c5208009e0000c20000e600000501001d01002901002c0100220100000100c900008b0000430000f7ffffb6ffff86ffff67ffff56ffff4cffff48ffff4affff4fffff56ffff60ffff62ffff64ffff67ffff6effff78ffff7cffff7fffff84ffff86ffff88ffff92ffff94ffff92ffff92ffff92ffff90ffff8dffff90ffff8dffff86ffff86ffff86ffff81ffff84ffff84ffff7cffff78ffff7affff81ffff84ffff86ffff88ffff8bffff8bffff8dffff94ffffa0ffffbbffffd3ffffd3ffffc0ffffb4ffffb4ffffb4ffffa3ffff94ffff99ffff9effff9effffa0ffff	73
	70
	67
	64
	63
	61
	60
	59
	59
	59
	60
	60
	61
	62
	62
	63
	63
	63
	63
	62
	61
	60
	59
	57
	55
	53
	51
	49
	47
	45
	43
	41
	40
	38
	37
	35
	34
	33
0070379d4c995c520800a5ffffa8ffffacffffaaffffa5ffff9effff9cffffa0ffff92ffff94ffff260000a10100b90300f304009503003000000bfeffa7feff94ffff5dffff43ffff84ffff84ffff7affff99ffffaaffffaaffffbdffffd0ffffd8ffffebffff0400001800003000004c00006c00008d0000b60000dc0000f900000a01000f0100080100fc0000e10000aa00005d0000100000d3ffff9effff73ffff56ffff45ffff40ffff43ffff45ffff4cffff51ffff54ffff5bffff62ffff67ffff6effff75ffff78ffff7fffff86ffff86ffff7fffff7cffff7cffff7fffff81ffff	32
	31
	31
	30
	29
	29
	29
	29
	30
	31
	34
	37
	41
	46
	52
	58
	65
	72
	78
	84
	90
	95
	95
	95
	95
	95
	94
	93
	91
	88
	86
	83
	80
	77
	75
	72
	70
	68
	67
	65
	64
00175f0f6e995c52080081ffff81ffff7fffff7cffff81ffff84ffff86ffff8bffff81ffff75ffff75ffff7affff78ffff78ffff73ffff73ffff78ffff7cffff7cffff81ffff84ffff7fffff7fffff86ffff94ffffaaffffc0ffffc0ffffafffffa0ffff9effffa3ffff99ffff81ffff78ffff7cffff84ffff86ffff86ffff86ffff8bffff94ffff97ffff99ffff9effffa3ffff9cffff8bffffc9ffffcc0000b802009d04008e0400d10100bcfeff25feff43ffff86ffff30ffff54ffff81ffff70ffff7cffff97ffff9effffaaffffbdffffc9ffffd3ffffe8ffff0000001500002d0000	64
	64
	63
	63
	64
	64
	64
	64
	65
	65
	64
	64
	63
	62
	61
	60
	58
	56
	55
	53
	51
	49
	47
	45
	43
	42
	40
	39
	37
	36
	35
	35
	34
	33
	32
	32
	31
	30
	30
00840f818f995c5208004a0000700000970000bb0000df0000f90000030100050100000100eb0000c200007c0000280000e1ffffacffff7affff58ffff45ffff3cffff3cffff40ffff43ffff45ffff4fffff58ffff5dffff60ffff60ffff62ffff6cffff75ffff7cffff81ffff86ffff88ffff8bffff8dffff94ffff99ffff9cffff99ffff94ffff97ffff97ffff99ffff9cffff9cffff9effffa3ffffa5ffffa0ffffa0ffffa5ffffaaffffacffffaaffffa8ffffa8ffffa8ffffa8ffffafffffafffffa8ffffaaffffb8ffffc9ffffe1fffff0ffffdfffffccffffc9ffffccffffc4ffff	30
	30
	30
	32
	34
	36
	40
	44
	49
	55
	61
	68
	74
	80
	85
	90
	93
	95
	95
	95
	94
	93
	91
	89
	86
	83
	80
	78
	75
	72
	70
	68
	67
	65
	64
	64
	63
	63
008efbf2b0995c520800b6ffffafffffafffffb4ffffb8ffffbbffffbdffffc0ffffbdffffb6ffffb8ffffc2ffffc4ffffbdffffaaffffbdffff7800002302003804000905001103009cffff06fefff6feffaaffff58ffff5bffff99ffff97ffff97ffffb1ffffbdffffc7ffffd5ffffe4fffff2ffff0400001800002d00004a00006400007f0000a50000ce0000f000000f0100220100290100270100160100f40000bd0000780000300000edffffb4ffff88ffff6effff60ffff5bffff5bffff58ffff5dffff64ffff69ffff70ffff73ffff75ffff7affff84ffff8dffff97ffff97ffff	63
	63
	63
	63
	64
	64
	64
	63
	63
	62
	62
	60
	59
	58
	56
	54
	52
	50
	48
	46
	45
	43
	41
	39
	37
	36
	35
	33
	32
	31
	30
	29
	28
	28
	27
	26
	26
	25
	24
00dabf64d2995c5208008dffff90ffff9cffff9effffa0ffff9effff90ffff8bffff90ffff92ffff92ffff92ffff8bffff86ffff8dffff90ffff8dffff90ffff8dffff8dffff94ffff99ffff99ffff97ffff97ffffa0ffffb1ffffc7ffffd3ffffc4ffffafffffa0ffff9cffff97ffff88ffff7cffff7fffff86ffff86ffff88ffff90ffff92ffff90ffff94ffff99ffff9cffffa5ffffa8ffff97ffff88ffffdfffff110100130300cf04006504005e010068feff3dfeff67ffff7affff34ffff6effff8bffff75ffff84ffff99ffffa0ffffafffffc2ffffceffffdcffffedffff020000	23
	22
	21
	21
	20
	20
	20
	20
	21
	23
	26
	30
	35
	41
	47
	54
	60
	67
	73
	79
	83
	87
	89
	91
	91
	90
	89
	86
	84
	80
	77
	74
	71
	68
	65
	63
	61
000198d6f3995c5208001c00003c00005d0000810000a30000c00000da0000f70000030100f90000e40000cc0000a000005b0000130000d3ffff97ffff69ffff4cffff3cffff34ffff32ffff32ffff32ffff37ffff40ffff48ffff4fffff58ffff60ffff64ffff6effff75ffff78ffff7fffff84ffff86ffff88ffff8bffff8dffff8bffff8bffff90ffff94ffff92ffff92ffff94ffff94ffff97ffff9cffff9cffff99ffff97ffff97ffff97ffff94ffff94ffff99ffff99ffff99ffff9effffa0ffff9effff9effff9effffa3ffffacffffb8ffffceffffd3ffffb8ffff9cffff9cffff	60
	58
	58
	57
	57
	57
	57
	58
	58
	59
	59
	59
	59
	59
	59
	58
	57
	56
	54
	53
	51
	49
	47
	45
	43
	41
	38
	37
	35
	33
	31
	30
	29
	28
	27
	26
006e4848159a5c520800a3ffff94ffff81ffff7fffff81ffff81ffff7affff73ffff7affff84ffff84ffff86ffff8bffff8dffff90ffff92ffff8dffff7affffa3ffff8b0000680200790400ca040050020007ffff0bfeff21ffff92ffff39ffff51ffff86ffff7affff84ffffa3ffffa8ffffafffffc2ffffd0ffffdffffff4ffff0700001c00003700005800007c0000a00000c40000e10000f900000c01001401000f0100fc0000d50000990000540000100000d0ffff9cffff75ffff62ffff56ffff4cffff45ffff48ffff4fffff58ffff60ffff69ffff70ffff70ffff73ffff7cffff	25
	25
	24
	23
	23
	22
	22
	21
	20
	20
	19
	18
	17
	17
	16
	15
	14
	14
	14
	16
	17
	20
	24
	29
	35
	42
	49
	56
	63
	70
	76
	81
	84
	87
	88
	88
	87
	85
	83
	79
	76
	72
	68
	64
	61
	58
	56
001570ba369a5c52080084ffff88ffff8bffff84ffff78ffff78ffff7cffff7fffff84ffff81ffff84ffff88ffff8dffff8dffff8dffff86ffff86ffff8bffff8dffff90ffff90ffff8dffff90ffff97ffff99ffff9cffff9cffff99ffff9effffa0ffff9cffff99ffff97ffff94ffff99ffff9effff99ffff97ffff94ffff92ffff92ffff92ffff94ffffa0ffffb1ffffc7ffffd5ffffccffffb6ffffacffffb4ffffaaffff92ffff90ffff94ffff8dffff86ffff8dffff94ffff94ffff99ffff9effff9effffa0ffffa8ffffafffffafffff9effff99ffff130000800100aa0300090500	53
	52
	50
	50
	49
	49
	50
	50
	51
	52
	52
	53
	53
	54
	53
	53
	52
	51
	50
	48
	46
	44
	42
	40
	37
	35
	33
	31
	28
	26
	24
	23
	21
	20
	19
	18
	17
	16
	15
	15
	14
	14
	13
	12
	12
	11
	11
	10
	9
	9
	8
	7
	6
0082202c589a5c520800c903007300002afeff9bfeff8dffff64ffff34ffff70ffff7affff70ffff8dffff9effff97ffff9cffffafffffbdffffceffffe4fffffcffff1300003000005100007800009e0000c20000e10000f70000000100fe0000f00000da0000af00007000002b0000edffffb4ffff84ffff62ffff4fffff45ffff45ffff45ffff48ffff4cffff54ffff5bffff62ffff64ffff64ffff69ffff70ffff75ffff7affff78ffff75ffff7cffff81ffff86ffff88ffff86ffff84ffff84ffff84ffff86ffff88ffff8dffff8dffff8bffff88ffff8bffff86ffff84ffff88ffff	6
	5
	5
	5
	5
	5
	5
	5
	6
	8
	12
	16
	21
	27
	34
	42
	50
	58
	66
	72
	78
	83
	86
	88
	89
	88
	86
	84
	81
	77
	73
	69
	66
	62
	59
	56
	54
	52
	51
	50
00efd09d799a5c52080088ffff88ffff8dffff92ffff8dffff8bffff92ffff94ffff97ffff97ffff8bffff86ffff8dffff92ffff90ffff94ffff94ffff97ffffa3ffffb8ffffceffffd8ffffc7ffffb6ffffb6ffffbbffffafffff9cffff99ffffa3ffffa8ffffa5ffffa8ffffacffffafffffb4ffffbbffffbdffffbdffffc0ffffb6ffff97ffffb4ffff900000530200520400ee0400d5020064ffff04feff10ffffa8ffff4fffff62ffff9cffff8dffff92ffffb1ffffb8ffffc2ffffd5ffffdfffffebfffffeffff1300002b00004500006000007f0000a30000c90000f00000110100	50
	50
	50
	50
	51
	52
	52
	53
	53
	53
	53
	53
	52
	51
	50
	48
	46
	44
	42
	40
	37
	35
	32
	30
	28
	26
	24
	22
	20
	19
	17
	16
	15
	14
	13
	13
	12
	11
	10
	10
	9
005c810f9b9a5c5208002401002701002001000f0100f20000bb00006c0000180000d0ffff99ffff6cffff4affff39ffff34ffff37ffff3cffff40ffff43ffff4affff51ffff54ffff58ffff64ffff6effff6effff70ffff7affff7fffff84ffff88ffff86ffff86ffff88ffff81ffff7cffff7cffff78ffff75ffff78ffff7affff7cffff81ffff7cffff78ffff7cffff86ffff88ffff88ffff86ffff8bffff92ffff97ffff99ffff97ffff94ffff9effffb1ffffc9ffffdfffffdaffffc2ffffb6ffffc2ffffc0ffffacffff9effffa0ffffa5ffffaaffffacffffafffffb1ffffafffff	9
	8
	8
	7
	6
	6
	5
	5
	5
	5
	5
	5
	5
	5
	5
	5
	5
	5
	5
	5
	7
	9
	12
	16
	22
	28
	35
	42
	50
	57
	65
	71
	76
	81
	84
00249581bc9a5c520800b1ffffb6ffffb6ffffbbffffbbffffa8ffffa3ffff1500006a0100890300170500250400ce000038feff7cfeff8bffff73ffff3effff81ffff92ffff84ffff9cffffacffffafffffc0ffffccffffd3ffffe4fffff9ffff0c00002800004800006900008b0000af0000d50000fc00001601001d01001d0100140100f70000c70000840000370000f2ffffb8ffff8dffff70ffff60ffff54ffff4fffff54ffff56ffff58ffff5bffff62ffff69ffff6effff75ffff7affff81ffff88ffff8bffff8dffff8dffff8bffff90ffff94ffff90ffff8bffff8bffff8bffff	86
	86
	86
	84
	82
	78
	75
	71
	67
	63
	59
	56
	53
	51
	49
	48
	47
	46
	47
	47
	48
	48
	49
	50
	51
	52
	52
	52
	52
	52
	51
	50
	49
	47
	45
	43
	41
	39
	36
	34
	32
	30
006c59f3dd9a5c52080088ffff86ffff86ffff88ffff8bffff8dffff90ffff88ffff7fffff81ffff88ffff88ffff8dffff92ffff92ffff94ffff99ffff97ffff92ffff94ffff9cffff9effff9cffff9effffa5ffffacffffc4ffffe1ffffe8ffffd5ffffc2ffffc2ffffc9ffffbdffffacffffaaffffafffffafffffb1ffffb8ffffbbffffbdffffc0ffffc2ffffc7ffffccffffccffffc7ffffb4ffffceffffa00000680200850400190500dc020075ffff25feff26ffffb1ffff5bffff67ffffa0ffff99ffff9cffffb6ffffbdffffc4ffffd8ffffebfffff9ffff0700001a0000300000	28
	26
	25
	23
	22
	21
	20
	19
	18
	17
	17
	16
	16
	15
	15
	15
	14
	14
	13
	13
	12
	12
	11
	11
	10
	9
	8
	8
	7
	7
	8
	9
	11
	14
	17
	23
	28
	35
	43
	50
	58
	66
	72
	78
	83
	87
	89
	90
	90
	88
	86
	83
	79
	74
	70
	66
	61
	57
	54
	51
00dd0965ff9a5c5208004800006700008b0000b10000d00000eb0000030100180100220100160100fe0000da0000aa00006400001a0000d5ffff9cffff70ffff58ffff51ffff4affff48ffff48ffff4affff4cffff56ffff60ffff62ffff67ffff6effff78ffff7fffff86ffff86ffff88ffff90ffff94ffff92ffff92ffff8dffff8bffff88ffff8dffff90ffff90ffff8dffff8bffff8dffff8dffff8bffff90ffff92ffff90ffff92ffff99ffffa0ffffa0ffff9effffa0ffffa3ffffaaffffacffffafffffafffffafffffb4ffffbbffffc0ffffbdffffbbffffbbffffc0ffffc9ffff	48
	46
	45
	44
	44
	44
	45
	46
	47
	48
	49
	50
	51
	51
	51
	51
	50
	49
	48
	46
	44
	42
	40
	37
	35
	32
	30
	28
	25
	23
	22
	20
	18
	17
	16
	15
	14
	14
	13
	12
	12
	11
	11
	10
0008e2d6209b5c520800dafffff2ffff020000f7ffffe1ffffd8ffffdaffffd3ffffc0ffffb1ffffb6ffffbdffffc2ffffbbffffafffffb4ffffc2ffffc7ffffc9ffffccffffceffffd0ffffc9ffffbbfffff4ffffeb0000d00200c50400dd040040020018ffff53feff67ffffc0ffff69ffff8dffffbdffffaaffffafffffc9ffffd0ffffdaffffebfffff7ffff0400001800002d00004500006000007c00009c0000c20000eb00000f01002901003801003a01003301002701000a0100d000008400003c0000feffffc7ffffa0ffff88ffff75ffff62ffff60ffff64ffff62ffff60ffff	10
	9
	8
	8
	7
	6
	5
	5
	5
	5
	5
	5
	5
	5
	5
	6
	8
	11
	15
	21
	27
	34
	42
	50
	59
	66
	74
	80
	85
	89
	92
	93
	93
	91
	89
	86
	83
	79
	75
	71
	67
00ede148429b5c52080067ffff6effff73ffff7affff81ffff86ffff8bffff90ffff97ffff9cffff99ffff8dffff88ffff90ffff94ffff92ffff90ffff8dffff8bffff88ffff8dffff94ffff90ffff8dffff97ffff99ffff97ffff9cffffa0ffff9cffff9cffff9effffa0ffffa3ffffa5ffffa8ffffa8ffffa8ffffaaffffb4ffffc0ffffd8ffffedfffff0ffffdcffffceffffd0ffffd3ffffc4ffffb4ffffb4ffffb4ffffb6ffffbdffffc2ffffc2ffffc4ffffc7ffffccffffd0ffffceffffc4ffffb4ffffa0ffffdcffffe40000cd0200b20400c50400170200d7feff2afeff5bffff	63
	60
	57
	55
	53
	52
	51
	51
	51
	52
	53
	54
	55
	56
	57
	57
	58
	58
	58
	58
	57
	56
	54
	53
	51
	49
	47
	44
	42
	40
	38
	35
	33
	31
	29
	27
	26
	24
	23
	21
	20
	19
005a92ba639b5c520800aaffff56ffff81ffffa8ffff94ffffa3ffffbdffffbbffffbbffffccffffdffffff0fffffeffff0e0000240000400000620000840000aa0000d30000f700000c01001801001b0100160100000100d800009e00005600000c0000ccffff99ffff75ffff60ffff54ffff51ffff51ffff54ffff56ffff60ffff69ffff6effff73ffff7affff81ffff8bffff90ffff90ffff90ffff94ffff97ffff99ffff9cffff92ffff88ffff8dffff92ffff94ffff97ffff99ffff99ffff94ffff94ffff97ffff97ffff92ffff90ffff92ffff97ffff9cffff9cffff9cffff9effff	18
	18
	17
	16
	16
	15
	15
	14
	14
	13
	13
	12
	11
	11
	10
	9
	9
	8
	8
	9
	9
	11
	14
	18
	23
	29
	36
	44
	52
	61
	70
	78
	86
	92
	95
00c7422c859b5c5208009effffa3ffffa3ffffa5ffffacffffbbffffd3ffffebffffe6ffffd0ffffc2ffffc4ffffc2ffffafffffa3ffffaaffffaaffff9cffff97ffffa3ffffaaffffaaffffacffffb1ffffb6ffffbdffffc2ffffb1ffffa8ffff0c00005401006e03000d050046040016010068feff80feff97ffff92ffff56ffff90ffffa3ffff92ffffacffffbdffffbdffffccffffdfffffe8fffffcffff0e00002400003e00005800007800009e0000c70000ed00000c01002001002901003001002901000c0100df00009c00005100000e0000d8ffffa5ffff84ffff6effff67ffff	95
	95
	95
	94
	92
	90
	87
	84
	80
	76
	72
	68
	65
	62
	60
	58
	56
	55
	55
	55
	55
	55
	56
	57
	58
	59
	60
	60
	61
	61
	61
	60
	60
	59
	57
	56
	54
	52
	50
	48
	46
	44
	42
	40
006a6a9ea69b5c52080064ffff6cffff70ffff6effff6effff75ffff81ffff86ffff81ffff78ffff78ffff7fffff84ffff86ffff88ffff88ffff8dffff92ffff94ffff97ffff99ffff97ffff97ffff99ffff9effff9effff9cffff97ffff94ffff97ffff97ffff97ffff97ffff97ffff99ffff99ffff97ffff9cffffa0ffffa0ffffa0ffffa0ffffa0ffffa5ffffb1ffffc7ffffe4ffffedffffdcffffc7ffffc4ffffceffffc4ffffafffffacffffb4ffffb6ffffb6ffffbbffffbdffffc2ffffc7ffffc9ffffccffffceffffd3ffffd3ffffbdffffc2ffff4c0000be0100d80300170500	38
	36
	35
	33
	32
	31
	30
	29
	29
	28
	28
	28
	28
	28
	29
	29
	30
	31
	31
	32
	32
	33
	34
	34
	35
	36
	37
	39
	41
	45
	49
	54
	59
	65
	72
	78
	84
	90
	95
	95
	95
	95
	95
	94
	93
	91
00db1a10c89b5c520800c2030073000047feffc8feffb6ffff84ffff56ffff92ffff9effff94ffffacffffbdffffc2ffffd3ffffe4ffffedfffffeffff130000280000430000600000810000a80000ce0000f200000f0100200100240100270100200100030100ce0000860000370000f4ffffbdffff8dffff70ffff60ffff54ffff54ffff5bffff60ffff64ffff6cffff70ffff75ffff7affff7fffff86ffff90ffff97ffff9effff9effff99ffff9effffa0ffff9effff9cffff9effffa3ffffa8ffffa8ffffa5ffffa3ffffa3ffffa8ffffacffffacffffaaffffa8ffffa5ffffa5ffff	88
	85
	81
	78
	74
	71
	67
	64
	62
	59
	58
	56
	55
	55
	55
	55
	56
	57
	58
	59
	60
	61
	61
	62
	62
	62
	61
	61
	60
	58
	57
	55
	53
	51
	49
	47
	45
	43
	41
	39
	38
0048cb81e99b5c520800a8ffffaaffffaaffffaaffffa8ffffaaffffb6ffffc9ffffdcffffdcffffd0ffffc4ffffbbffffc0ffffb6ffff9effff99ffffa3ffffa0ffffa0ffffa3ffffa3ffffaaffffb1ffffb4ffffacffffa5ffffacffffb4ffffacffff9cffffe6ffff050100f90200c504009a0400bc01009bfeff2ffeff62ffff99ffff4fffff81ffffa3ffff8bffff9effffbdffffc2ffffccffffdaffffdfffffebffff0700001c00003200004f00006e0000920000bb0000e100000501001b01002201002701002201000a0100dc00009900004a0000020000c7ffff99ffff78ffff	36
	35
	33
	32
	31
	31
	30
	29
	29
	28
	27
	27
	26
	26
	25
	25
	25
	24
	24
	25
	26
	28
	30
	34
	38
	44
	50
	57
	64
	71
	78
	85
	90
	95
	95
	95
	95
	95
	94
	92
	90
	87
	84
	81
	78
00b57bf30a9c5c52080062ffff54ffff51ffff54ffff5bffff60ffff62ffff64ffff69ffff6effff73ffff78ffff73ffff73ffff7fffff86ffff84ffff7fffff7fffff81ffff86ffff88ffff8dffff8dffff8bffff8dffff92ffff97ffff94ffff90ffff90ffff94ffff94ffff99ffff9cffff9cffff99ffff9effffa0ffffa3ffffa3ffff9effff99ffff9cffffa3ffffb4ffffccffffd5ffffc9ffffb1ffffaaffffb1ffffafffff99ffff8bffff90ffff94ffff97ffff9cffff9effffa3ffffa5ffffa8ffffacffffb1ffffb4ffffb8ffffb6ffffa5ffffb4ffff580000f301001b0400	75
	72
	69
	67
	65
	64
	63
	62
	62
	62
	62
	63
	63
	64
	65
	66
	66
	67
	67
	67
	67
	66
	66
	65
	63
	62
	61
	59
	57
	55
	53
	52
	50
	48
	46
	45
	44
	42
009e7b652c9c5c5208001505004f0300e4ffff10feffd7feffa3ffff5dffff4fffff92ffff90ffff86ffff9effffaaffffafffffc0ffffc4ffffccffffe1fffff9ffff0c0000260000450000690000900000b80000df0000fe00001401001b01001b01000c0100eb0000af00006700001f0000dfffffa8ffff7fffff64ffff56ffff51ffff51ffff54ffff5bffff60ffff64ffff6effff75ffff78ffff7fffff84ffff86ffff90ffff94ffff94ffff9cffff9effffa0ffffa5ffffaaffffaaffffaaffffa8ffffa8ffffa5ffffa5ffffa5ffffa5ffffa3ffffa3ffffa5ffffa8ffffaaffff	41
	40
	39
	38
	38
	37
	37
	36
	36
	35
	35
	35
	34
	34
	33
	33
	32
	32
	32
	32
	32
	33
	35
	38
	42
	46
	52
	58
	64
	71
	78
	84
	90
	94
	95
	95
	95
	95
	94
	93
	92
00c553d74d9c5c520800aaffffa8ffffa3ffff9effffa0ffffa5ffff9effff97ffff9cffffa3ffffa0ffff9cffff99ffff97ffff9cffffafffffc9ffffdfffffdcffffc7ffffbbffffc0ffffbdffffa8ffff94ffff99ffffa3ffffa8ffffa8ffffaaffffacffffafffffb6ffffbdffffc2ffffc7ffffc9ffffc9ffffb8ffffbbffff480000bc0100d50300150500c2030075000047feffc8feffb6ffff8dffff6cffffacffffb4ffffa3ffffb8ffffc9ffffceffffdffffff2fffffcffff0c00002400003900005600007300008b0000ac0000d80000f90000110100290100350100330100	89
	87
	84
	81
	78
	76
	73
	72
	70
	68
	67
	66
	66
	66
	66
	66
	66
	67
	67
	68
	68
	68
	68
	68
	68
	68
	67
	66
	65
	64
	62
	61
	59
	57
	56
	54
003204496f9c5c5208002e0100160100e400009e0000540000100000d8ffffaaffff88ffff70ffff5dffff58ffff60ffff62ffff62ffff69ffff6effff70ffff78ffff84ffff8bffff8dffff90ffff99ffffa5ffffa8ffffaaffffaaffffaaffffacffffafffffb1ffffb4ffffb4ffffafffffb1ffffb4ffffb8ffffbbffffb8ffffb6ffffbbffffc2ffffc4ffffc2ffffc2ffffc4ffffc7ffffc7ffffc7ffffc2ffffbdffffbbffffbdffffc4ffffd3ffffedfffffefffff7ffffe4ffffd8ffffd5ffffccffffb8ffffacffffb1ffffbdffffbdffffb8ffffb8ffffbdffffc2ffffc4ffff	52
	51
	49
	48
	46
	45
	44
	43
	42
	41
	40
	40
	39
	38
	38
	37
	37
	37
	36
	36
	35
	35
	34
	33
	33
	32
	32
	31
	31
	31
	32
	34
	36
	39
	44
	48
	54
	60
	66
	72
	77
	83
	87
00a3b4ba909c5c520800ccffffd0ffffd3ffffd3ffffccffffb1ffffceffffac00007202007904000d0500d5020056fffffffdff15ffffa8ffff4fffff67ffffa0ffff8dffff90ffffb1ffffb8ffffc2ffffd8ffffe4fffff0ffff0400001f00003700004f00006e0000920000b60000dc00000001001d01002c0100300100290100180100f40000bb0000700000260000e1ffffacffff86ffff6cffff62ffff5bffff58ffff5bffff60ffff5dffff62ffff6cffff70ffff75ffff81ffff88ffff8dffff94ffff97ffff9cffff9effffa0ffffa3ffffa3ffffa0ffffa0ffff9effff9cffff	91
	93
	95
	95
	94
	93
	91
	89
	86
	83
	80
	78
	75
	72
	70
	68
	67
	66
	65
	65
	65
	66
	66
	67
	67
	68
	69
	69
	69
	69
	69
	69
	68
	67
0010652cb29c5c5208009cffff9cffff9cffff9effff9effffa0ffffa5ffffa8ffffa8ffffa5ffffa8ffffacffffafffffb4ffffb4ffffafffffaaffffa5ffffa5ffffaaffffb8ffffceffffd3ffffc7ffffb6ffffacffffb1ffffafffff97ffff8dffff97ffff9cffff97ffff9cffff9effffa0ffffa5ffffaaffffacffffb1ffffb6ffffb8ffffafffffa0fffff0ffff1601001d0300dd04007404007401007efeff40feff67ffff88ffff3effff75ffff94ffff7fffff92ffffacffffacffffb6ffffc7ffffd0ffffe1fffff7ffff0c00002100003c00005d0000810000aa0000d30000	66
	65
	63
	61
	59
	57
	55
	54
	52
	50
	48
	47
	45
	44
	43
	42
	41
	40
	39
	39
	38
	38
	37
	37
	36
	35
	35
	34
	33
	33
	32
	32
	32
	32
	34
	35
	38
	42
	47
	52
	58
	64
	71
	77
	83
007d159ed39c5c520800f700000c01001801001d0100180100000100d300008600002d0000ebffffb6ffff86ffff62ffff4affff40ffff43ffff48ffff4fffff54ffff54ffff56ffff64ffff6cffff70ffff78ffff7affff81ffff8bffff90ffff94ffff97ffff99ffff9effffa0ffff9effff9cffff99ffff97ffff99ffff99ffff92ffff8dffff8dffff8dffff94ffff97ffff97ffff9cffff9effff9effff99ffff94ffff97ffff97ffff92ffff94ffff99ffff99ffff99ffff9effff9effffa0ffffa0ffffa0ffffaaffffb6ffffc4ffffdaffffe4ffffd3ffffc0ffffc0ffffc4ffff	88
	93
	95
	95
	95
	95
	94
	92
	90
	88
	85
	82
	79
	76
	74
	71
	69
	67
	66
	65
	65
	64
	64
	64
	65
	65
	65
	66
	66
	66
	66
	66
	66
	65
	64
	63
	62
00eac50ff59c5c520800b4ffffa0ffffa0ffffa8ffffaaffffa8ffffaaffffacffffafffffb1ffffb1ffffb4ffffb8ffffbdffffbbffffa8ffffacffff4c0000e90100010400d90400130300dfffff2ffeffe0feff99ffff58ffff4affff84ffff84ffff81ffffa0ffffaaffffa8ffffb1ffffc4ffffd3ffffe4fffff7ffff0c0000240000430000620000810000aa0000d30000ed00000001000c01000c0100030100eb0000bb0000780000320000f4ffffbdffff94ffff78ffff64ffff60ffff5dffff62ffff67ffff6cffff70ffff78ffff81ffff8bffff8dffff90ffff97ffff9cffff	60
	59
	57
	55
	53
	51
	49
	48
	46
	44
	43
	42
	40
	39
	38
	37
	36
	36
	35
	34
	34
	33
	33
	32
	32
	31
	30
	30
	29
	29
	28
	27
	26
	26
	25
	26
	26
00577681169d5c52080099ffff97ffff94ffff94ffff99ffff9effffa3ffff99ffff8bffff8dffff97ffff99ffff9cffff9cffff9cffff9cffffa0ffffa3ffffa3ffff9effff9cffffa3ffffa5ffffa5ffffa5ffffa5ffffa0ffffa3ffffa8ffffa5ffffa8ffffb1ffffc0ffffd8ffffebffffe4ffffceffffc2ffffc7ffffc4ffffb4ffffafffffb1ffffafffffb4ffffc0ffffc2ffffc2ffffc9ffffceffffd0ffffd8ffffd8ffffd0ffffbdffffceffff7800000602001404002105008d03001a000028fefff4feffc7ffff7affff6cffffb1ffffaaffff9effffbdffffceffffd0ffff	27
	29
	32
	35
	40
	45
	52
	58
	65
	72
	78
	84
	89
	93
	95
	95
	95
	94
	93
	92
	89
	87
	84
	81
	79
	76
	73
	71
	70
	68
	67
	66
	66
	66
	66
	66
	66
	66
	67
	67
	67
00fe9df3379d5c520800e4fffff7fffffeffff0e00002100002b00003e0000620000860000a80000d00000f40000110100290100350100330100240100050100ce0000810000320000f0ffffb1ffff84ffff64ffff54ffff4fffff4fffff4cffff51ffff5dffff64ffff69ffff6effff70ffff78ffff84ffff90ffff90ffff92ffff94ffff99ffff9effffa0ffff9effff9cffff99ffff9cffffa0ffffa0ffffa3ffffa5ffffa3ffffa0ffffa3ffffa8ffffa8ffffa0ffff9cffff9cffff9effffa8ffffb6ffffc7ffffd0ffffc7ffffb4ffffacffffb1ffffa5ffff90ffff8bffff94ffff	67
	67
	67
	66
	66
	65
	63
	62
	60
	58
	57
	55
	53
	51
	49
	47
	45
	43
	42
	40
	39
	38
	37
	36
	35
	34
	34
	33
	32
	32
	31
	31
	30
	30
	29
	28
	28
	27
006b4e65599d5c52080094ffff94ffff99ffff9cffff9effffa3ffffa8ffffa5ffff9effff9cffff92ffff7cffffb4ffffbb0000a002008704009a0400ee0100b5feff04feff2bffff75ffff21ffff4fffff7affff67ffff73ffff90ffff94ffffa0ffffb8ffffc4ffffd0ffffe4fffff9ffff1000002d00004c0000700000920000bb0000e60000fe00000801000a0100050100ed0000c000007a00002d0000e8ffffacffff7cffff60ffff4cffff40ffff3effff40ffff45ffff4fffff56ffff56ffff5bffff67ffff6cffff70ffff78ffff7cffff81ffff84ffff88ffff8dffff8dffff	26
	25
	24
	23
	22
	22
	20
	20
	19
	18
	17
	17
	17
	17
	19
	21
	24
	29
	34
	40
	47
	54
	61
	68
	75
	81
	85
	89
	92
	94
	94
00d8fed67a9d5c5208008bffff8dffff8bffff84ffff7fffff84ffff81ffff7cffff7fffff86ffff86ffff81ffff7fffff81ffff86ffff88ffff88ffff81ffff84ffff90ffffa0ffffbbffffc9ffffb1ffff92ffff8bffff8dffff84ffff6effff62ffff69ffff6effff6cffff6effff73ffff75ffff7affff7cffff7cffff7cffff81ffff81ffff75ffff81ffff1000008e0100a30300c304004d0300000000fffdff9bfeff78ffff3effff24ffff62ffff64ffff5dffff7cffff90ffff94ffffa3ffffb4ffffc0ffffceffffe4fffffcffff0e00002400003e0000620000880000ac0000	94
	92
	90
	87
	84
	81
	77
	74
	71
	69
	66
	64
	63
	62
	61
	61
	61
	61
	62
	62
	63
	63
	64
	64
	64
	64
	64
	64
	63
	62
	61
	59
	57
	55
	53
	51
	49
	47
	45
	43
	41
	39
	37
	35
	